1,Bulbasaur,"Grass/Poison",2′04″,0.7,15.2,6.9
2,Ivysaur,"Grass/Poison",3′03″,1.0,28.7,13.0
3,Venusaur,"Grass/Poison",6′07″,2.0,220.5,100.0
4,Charmander,Fire,2′00″,0.6,18.7,8.5
5,Charmeleon,Fire,3′07″,1.1,41.9,19.0
6,Charizard,"Fire/Flying",5′07″,1.7,199.5,90.5
7,Squirtle,Water,1′08″,0.5,19.8,9.0
8,Wartortle,Water,3′03″,1.0,49.6,22.5
9,Blastoise,Water,5′03″,1.6,188.5,85.5
10,Caterpie,Bug,1′00″,0.3,6.4,2.9
11,Metapod,Bug,2′04″,0.7,21.8,9.9
12,Butterfree,"Bug/Flying",3′07″,1.1,70.5,32.0
13,Weedle,"Bug/Poison",1′00″,0.3,7.1,3.2
14,Kakuna,"Bug/Poison",2′00″,0.6,22.0,10.0
15,Beedrill,"Bug/Poison",3′03″,1.0,65.0,29.5
16,Pidgey,"Normal/Flying",1′00″,0.3,4.0,1.8
17,Pidgeotto,"Normal/Flying",3′07″,1.1,66.1,30.0
18,Pidgeot,"Normal/Flying",4′11″,1.5,87.1,39.5
19,Rattata,Normal,1′00″,0.3,7.7,3.5
20,Raticate,Normal,2′04″,0.7,40.8,18.5
21,Spearow,"Normal/Flying",1′00″,0.3,4.4,2.0
22,Fearow,"Normal/Flying",3′11″,1.2,83.8,38.0
23,Ekans,Poison,6′07″,2.0,15.2,6.9
24,Arbok,Poison,11′06″,3.5,143.3,65.0
25,Pikachu,Electric,1′04″,0.4,13.2,6.0
26,Raichu,Electric,2′07″,0.8,66.1,30.0
27,Sandshrew,Ground,2′00″,0.6,26.5,12.0
28,Sandslash,Ground,3′03″,1.0,65.0,29.5
29,Nidoran♀,Poison,1′04″,0.4,15.4,7.0
30,Nidorina,Poison,2′07″,0.8,44.1,20.0
31,Nidoqueen,"Poison/Ground",4′03″,1.3,132.3,60.0
32,Nidoran♂,Poison,1′08″,0.5,19.8,9.0
33,Nidorino,Poison,2′11″,0.9,43.0,19.5
34,Nidoking,"Poison/Ground",4′07″,1.4,136.7,62.0
35,Clefairy,Fairy,2′00″,0.6,16.5,7.5
36,Clefable,Fairy,4′03″,1.3,88.2,40.0
37,Vulpix,Fire,2′00″,0.6,21.8,9.9
38,Ninetales,Fire,3′07″,1.1,43.9,19.9
39,Jigglypuff,"Normal/Fairy",1′08″,0.5,12.1,5.5
40,Wigglytuff,"Normal/Fairy",3′03″,1.0,26.5,12.0
41,Zubat,"Poison/Flying",2′07″,0.8,16.5,7.5
42,Golbat,"Poison/Flying",5′03″,1.6,121.3,55.0
43,Oddish,"Grass/Poison",1′08″,0.5,11.9,5.4
44,Gloom,"Grass/Poison",2′07″,0.8,19.0,8.6
45,Vileplume,"Grass/Poison",3′11″,1.2,41.0,18.6
46,Paras,"Bug/Grass",1′00″,0.3,11.9,5.4
47,Parasect,"Bug/Grass",3′03″,1.0,65.0,29.5
48,Venonat,"Bug/Poison",3′03″,1.0,66.1,30.0
49,Venomoth,"Bug/Poison",4′11″,1.5,27.6,12.5
50,Diglett,Ground,0′08″,0.2,1.8,0.8
51,Dugtrio,Ground,2′04″,0.7,73.4,33.3
52,Meowth,Normal,1′04″,0.4,9.3,4.2
53,Persian,Normal,3′03″,1.0,70.5,32.0
54,Psyduck,Water,2′07″,0.8,43.2,19.6
55,Golduck,Water,5′07″,1.7,168.9,76.6
56,Mankey,Fighting,1′08″,0.5,61.7,28.0
57,Primeape,Fighting,3′03″,1.0,70.5,32.0
58,Growlithe,Fire,2′04″,0.7,41.9,19.0
59,Arcanine,Fire,6′03″,1.9,341.7,155.0
60,Poliwag,Water,2′00″,0.6,27.3,12.4
61,Poliwhirl,Water,3′03″,1.0,44.1,20.0
62,Poliwrath,"Water/Fighting",4′03″,1.3,119.0,54.0
63,Abra,Psychic,2′11″,0.9,43.0,19.5
64,Kadabra,Psychic,4′03″,1.3,124.6,56.5
65,Alakazam,Psychic,4′11″,1.5,105.8,48.0
66,Machop,Fighting,2′07″,0.8,43.0,19.5
67,Machoke,Fighting,4′11″,1.5,155.4,70.5
68,Machamp,Fighting,5′03″,1.6,286.6,130.0
69,Bellsprout,"Grass/Poison",2′04″,0.7,8.8,4.0
70,Weepinbell,"Grass/Poison",3′03″,1.0,14.1,6.4
71,Victreebel,"Grass/Poison",5′07″,1.7,34.2,15.5
72,Tentacool,"Water/Poison",2′11″,0.9,100.3,45.5
73,Tentacruel,"Water/Poison",5′03″,1.6,121.3,55.0
74,Geodude,"Rock/Ground",1′04″,0.4,44.1,20.0
75,Graveler,"Rock/Ground",3′03″,1.0,231.5,105.0
76,Golem,"Rock/Ground",4′07″,1.4,661.4,300.0
77,Ponyta,Fire,3′03″,1.0,66.1,30.0
78,Rapidash,Fire,5′07″,1.7,209.4,95.0
79,Slowpoke,"Water/Psychic",3′11″,1.2,79.4,36.0
80,Slowbro,"Water/Psychic",5′03″,1.6,173.1,78.5
81,Magnemite,"Electric/Steel",1′00″,0.3,13.2,6.0
82,Magneton,"Electric/Steel",3′03″,1.0,132.3,60.0
83,Farfetch'd,"Normal/Flying",2′07″,0.8,33.1,15.0
84,Doduo,"Normal/Flying",4′07″,1.4,86.4,39.2
85,Dodrio,"Normal/Flying",5′11″,1.8,187.8,85.2
86,Seel,Water,3′07″,1.1,198.4,90.0
87,Dewgong,"Water/Ice",5′07″,1.7,264.6,120.0
88,Grimer,Poison,2′11″,0.9,66.1,30.0
89,Muk,Poison,3′11″,1.2,66.1,30.0
90,Shellder,Water,1′00″,0.3,8.8,4.0
91,Cloyster,"Water/Ice",4′11″,1.5,292.1,132.5
92,Gastly,"Ghost/Poison",4′03″,1.3,0.2,0.1
93,Haunter,"Ghost/Poison",5′03″,1.6,0.2,0.1
94,Gengar,"Ghost/Poison",4′11″,1.5,89.3,40.5
95,Onix,"Rock/Ground",28′10″,8.8,463.0,210.0
96,Drowzee,Psychic,3′03″,1.0,71.4,32.4
97,Hypno,Psychic,5′03″,1.6,166.7,75.6
98,Krabby,Water,1′04″,0.4,14.3,6.5
99,Kingler,Water,4′03″,1.3,132.3,60.0
100,Voltorb,Electric,1′08″,0.5,22.9,10.4
101,Electrode,Electric,3′11″,1.2,146.8,66.6
102,Exeggcute,"Grass/Psychic",1′04″,0.4,5.5,2.5
103,Exeggutor,"Grass/Psychic",6′07″,2.0,264.6,120.0
104,Cubone,Ground,1′04″,0.4,14.3,6.5
105,Marowak,Ground,3′03″,1.0,99.2,45.0
106,Hitmonlee,Fighting,4′11″,1.5,109.8,49.8
107,Hitmonchan,Fighting,4′07″,1.4,110.7,50.2
108,Lickitung,Normal,3′11″,1.2,144.4,65.5
109,Koffing,Poison,2′00″,0.6,2.2,1.0
110,Weezing,Poison,3′11″,1.2,20.9,9.5
111,Rhyhorn,"Ground/Rock",3′03″,1.0,253.5,115.0
112,Rhydon,"Ground/Rock",6′03″,1.9,264.6,120.0
113,Chansey,Normal,3′07″,1.1,76.3,34.6
114,Tangela,Grass,3′03″,1.0,77.2,35.0
115,Kangaskhan,Normal,7′03″,2.2,176.4,80.0
116,Horsea,Water,1′04″,0.4,17.6,8.0
117,Seadra,Water,3′11″,1.2,55.1,25.0
118,Goldeen,Water,2′00″,0.6,33.1,15.0
119,Seaking,Water,4′03″,1.3,86.0,39.0
120,Staryu,Water,2′07″,0.8,76.1,34.5
121,Starmie,"Water/Psychic",3′07″,1.1,176.4,80.0
122,Mr. Mime,"Psychic/Fairy",4′03″,1.3,120.2,54.5
123,Scyther,"Bug/Flying",4′11″,1.5,123.5,56.0
124,Jynx,"Ice/Psychic",4′07″,1.4,89.5,40.6
125,Electabuzz,Electric,3′07″,1.1,66.1,30.0
126,Magmar,Fire,4′03″,1.3,98.1,44.5
127,Pinsir,Bug,4′11″,1.5,121.3,55.0
128,Tauros,Normal,4′07″,1.4,194.9,88.4
129,Magikarp,Water,2′11″,0.9,22.0,10.0
130,Gyarados,"Water/Flying",21′04″,6.5,518.1,235.0
131,Lapras,"Water/Ice",8′02″,2.5,485.0,220.0
132,Ditto,Normal,1′00″,0.3,8.8,4.0
133,Eevee,Normal,1′00″,0.3,14.3,6.5
134,Vaporeon,Water,3′03″,1.0,63.9,29.0
135,Jolteon,Electric,2′07″,0.8,54.0,24.5
136,Flareon,Fire,2′11″,0.9,55.1,25.0
137,Porygon,Normal,2′07″,0.8,80.5,36.5
138,Omanyte,"Rock/Water",1′04″,0.4,16.5,7.5
139,Omastar,"Rock/Water",3′03″,1.0,77.2,35.0
140,Kabuto,"Rock/Water",1′08″,0.5,25.4,11.5
141,Kabutops,"Rock/Water",4′03″,1.3,89.3,40.5
142,Aerodactyl,"Rock/Flying",5′11″,1.8,130.1,59.0
143,Snorlax,Normal,6′11″,2.1,1014.1,460.0
144,Articuno,"Ice/Flying",5′07″,1.7,122.1,55.4
145,Zapdos,"Electric/Flying",5′03″,1.6,116.0,52.6
146,Moltres,"Fire/Flying",6′07″,2.0,132.3,60.0
147,Dratini,Dragon,5′11″,1.8,7.3,3.3
148,Dragonair,Dragon,13′01″,4.0,36.4,16.5
149,Dragonite,"Dragon/Flying",7′03″,2.2,463.0,210.0
150,Mewtwo,Psychic,6′07″,2.0,269.0,122.0
151,Mew,Psychic,1′04″,0.4,8.8,4.0
152,Chikorita,Grass,2′11″,0.9,14.1,6.4
153,Bayleef,Grass,3′11″,1.2,34.8,15.8
154,Meganium,Grass,5′11″,1.8,221.6,100.5
155,Cyndaquil,Fire,1′08″,0.5,17.4,7.9
156,Quilava,Fire,2′11″,0.9,41.9,19.0
157,Typhlosion,Fire,5′07″,1.7,175.3,79.5
158,Totodile,Water,2′00″,0.6,20.9,9.5
159,Croconaw,Water,3′07″,1.1,55.1,25.0
160,Feraligatr,Water,7′07″,2.3,195.8,88.8
161,Sentret,Normal,2′07″,0.8,13.2,6.0
162,Furret,Normal,5′11″,1.8,71.7,32.5
163,Hoothoot,"Normal/Flying",2′04″,0.7,46.7,21.2
164,Noctowl,"Normal/Flying",5′03″,1.6,89.9,40.8
165,Ledyba,"Bug/Flying",3′03″,1.0,23.8,10.8
166,Ledian,"Bug/Flying",4′07″,1.4,78.5,35.6
167,Spinarak,"Bug/Poison",1′08″,0.5,18.7,8.5
168,Ariados,"Bug/Poison",3′07″,1.1,73.9,33.5
169,Crobat,"Poison/Flying",5′11″,1.8,165.3,75.0
170,Chinchou,"Water/Electric",1′08″,0.5,26.5,12.0
171,Lanturn,"Water/Electric",3′11″,1.2,49.6,22.5
172,Pichu,Electric,1′00″,0.3,4.4,2.0
173,Cleffa,Fairy,1′00″,0.3,6.6,3.0
174,Igglybuff,"Normal/Fairy",1′00″,0.3,2.2,1.0
175,Togepi,Fairy,1′00″,0.3,3.3,1.5
176,Togetic,"Fairy/Flying",2′00″,0.6,7.1,3.2
177,Natu,"Psychic/Flying",0′08″,0.2,4.4,2.0
178,Xatu,"Psychic/Flying",4′11″,1.5,33.1,15.0
179,Mareep,Electric,2′00″,0.6,17.2,7.8
180,Flaaffy,Electric,2′07″,0.8,29.3,13.3
181,Ampharos,Electric,4′07″,1.4,135.6,61.5
182,Bellossom,Grass,1′04″,0.4,12.8,5.8
183,Marill,"Water/Fairy",1′04″,0.4,18.7,8.5
184,Azumarill,"Water/Fairy",2′07″,0.8,62.8,28.5
185,Sudowoodo,Rock,3′11″,1.2,83.8,38.0
186,Politoed,Water,3′07″,1.1,74.7,33.9
187,Hoppip,"Grass/Flying",1′04″,0.4,1.1,0.5
188,Skiploom,"Grass/Flying",2′00″,0.6,2.2,1.0
189,Jumpluff,"Grass/Flying",2′07″,0.8,6.6,3.0
190,Aipom,Normal,2′07″,0.8,25.4,11.5
191,Sunkern,Grass,1′00″,0.3,4.0,1.8
192,Sunflora,Grass,2′07″,0.8,18.7,8.5
193,Yanma,"Bug/Flying",3′11″,1.2,83.8,38.0
194,Wooper,"Water/Ground",1′04″,0.4,18.7,8.5
195,Quagsire,"Water/Ground",4′07″,1.4,165.3,75.0
196,Espeon,Psychic,2′11″,0.9,58.4,26.5
197,Umbreon,Dark,3′03″,1.0,59.5,27.0
198,Murkrow,"Dark/Flying",1′08″,0.5,4.6,2.1
199,Slowking,"Water/Psychic",6′07″,2.0,175.3,79.5
200,Misdreavus,Ghost,2′04″,0.7,2.2,1.0
201,Unown,Psychic,1′08″,0.5,11.0,5.0
202,Wobbuffet,Psychic,4′03″,1.3,62.8,28.5
203,Girafarig,"Normal/Psychic",4′11″,1.5,91.5,41.5
204,Pineco,Bug,2′00″,0.6,15.9,7.2
205,Forretress,"Bug/Steel",3′11″,1.2,277.3,125.8
206,Dunsparce,Normal,4′11″,1.5,30.9,14.0
207,Gligar,"Ground/Flying",3′07″,1.1,142.9,64.8
208,Steelix,"Steel/Ground",30′02″,9.2,881.8,400.0
209,Snubbull,Fairy,2′00″,0.6,17.2,7.8
210,Granbull,Fairy,4′07″,1.4,107.4,48.7
211,Qwilfish,"Water/Poison",1′08″,0.5,8.6,3.9
212,Scizor,"Bug/Steel",5′11″,1.8,260.1,118.0
213,Shuckle,"Bug/Rock",2′00″,0.6,45.2,20.5
214,Heracross,"Bug/Fighting",4′11″,1.5,119.0,54.0
215,Sneasel,"Dark/Ice",2′11″,0.9,61.7,28.0
216,Teddiursa,Normal,2′00″,0.6,19.4,8.8
217,Ursaring,Normal,5′11″,1.8,277.3,125.8
218,Slugma,Fire,2′04″,0.7,77.2,35.0
219,Magcargo,"Fire/Rock",2′07″,0.8,121.3,55.0
220,Swinub,"Ice/Ground",1′04″,0.4,14.3,6.5
221,Piloswine,"Ice/Ground",3′07″,1.1,123.0,55.8
222,Corsola,"Water/Rock",2′00″,0.6,11.0,5.0
223,Remoraid,Water,2′00″,0.6,26.5,12.0
224,Octillery,Water,2′11″,0.9,62.8,28.5
225,Delibird,"Ice/Flying",2′11″,0.9,35.3,16.0
226,Mantine,"Water/Flying",6′11″,2.1,485.0,220.0
227,Skarmory,"Steel/Flying",5′07″,1.7,111.3,50.5
228,Houndour,"Dark/Fire",2′00″,0.6,23.8,10.8
229,Houndoom,"Dark/Fire",4′07″,1.4,77.2,35.0
230,Kingdra,"Water/Dragon",5′11″,1.8,335.1,152.0
231,Phanpy,Ground,1′08″,0.5,73.9,33.5
232,Donphan,Ground,3′07″,1.1,264.6,120.0
233,Porygon2,Normal,2′00″,0.6,71.7,32.5
234,Stantler,Normal,4′07″,1.4,157.0,71.2
235,Smeargle,Normal,3′11″,1.2,127.9,58.0
236,Tyrogue,Fighting,2′04″,0.7,46.3,21.0
237,Hitmontop,Fighting,4′07″,1.4,105.8,48.0
238,Smoochum,"Ice/Psychic",1′04″,0.4,13.2,6.0
239,Elekid,Electric,2′00″,0.6,51.8,23.5
240,Magby,Fire,2′04″,0.7,47.2,21.4
241,Miltank,Normal,3′11″,1.2,166.4,75.5
242,Blissey,Normal,4′11″,1.5,103.2,46.8
243,Raikou,Electric,6′03″,1.9,392.4,178.0
244,Entei,Fire,6′11″,2.1,436.5,198.0
245,Suicune,Water,6′07″,2.0,412.3,187.0
246,Larvitar,"Rock/Ground",2′00″,0.6,158.7,72.0
247,Pupitar,"Rock/Ground",3′11″,1.2,335.1,152.0
248,Tyranitar,"Rock/Dark",6′07″,2.0,445.3,202.0
249,Lugia,"Psychic/Flying",17′01″,5.2,476.2,216.0
250,Ho-oh,"Fire/Flying",12′06″,3.8,438.7,199.0
251,Celebi,"Psychic/Grass",2′00″,0.6,11.0,5.0
252,Treecko,Grass,1′08″,0.5,11.0,5.0
253,Grovyle,Grass,2′11″,0.9,47.6,21.6
254,Sceptile,Grass,5′07″,1.7,115.1,52.2
255,Torchic,Fire,1′04″,0.4,5.5,2.5
256,Combusken,"Fire/Fighting",2′11″,0.9,43.0,19.5
257,Blaziken,"Fire/Fighting",6′03″,1.9,114.6,52.0
258,Mudkip,Water,1′04″,0.4,16.8,7.6
259,Marshtomp,"Water/Ground",2′04″,0.7,61.7,28.0
260,Swampert,"Water/Ground",4′11″,1.5,180.6,81.9
261,Poochyena,Dark,1′08″,0.5,30.0,13.6
262,Mightyena,Dark,3′03″,1.0,81.6,37.0
263,Zigzagoon,Normal,1′04″,0.4,38.6,17.5
264,Linoone,Normal,1′08″,0.5,71.7,32.5
265,Wurmple,Bug,1′00″,0.3,7.9,3.6
266,Silcoon,Bug,2′00″,0.6,22.0,10.0
267,Beautifly,"Bug/Flying",3′03″,1.0,62.6,28.4
268,Cascoon,Bug,2′04″,0.7,25.4,11.5
269,Dustox,"Bug/Poison",3′11″,1.2,69.7,31.6
270,Lotad,"Water/Grass",1′08″,0.5,5.7,2.6
271,Lombre,"Water/Grass",3′11″,1.2,71.7,32.5
272,Ludicolo,"Water/Grass",4′11″,1.5,121.3,55.0
273,Seedot,Grass,1′08″,0.5,8.8,4.0
274,Nuzleaf,"Grass/Dark",3′03″,1.0,61.7,28.0
275,Shiftry,"Grass/Dark",4′03″,1.3,131.4,59.6
276,Taillow,"Normal/Flying",1′00″,0.3,5.1,2.3
277,Swellow,"Normal/Flying",2′04″,0.7,43.7,19.8
278,Wingull,"Water/Flying",2′00″,0.6,20.9,9.5
279,Pelipper,"Water/Flying",3′11″,1.2,61.7,28.0
280,Ralts,"Psychic/Fairy",1′04″,0.4,14.6,6.6
281,Kirlia,"Psychic/Fairy",2′07″,0.8,44.5,20.2
282,Gardevoir,"Psychic/Fairy",5′03″,1.6,106.7,48.4
283,Surskit,"Bug/Water",1′08″,0.5,3.7,1.7
284,Masquerain,"Bug/Flying",2′07″,0.8,7.9,3.6
285,Shroomish,Grass,1′04″,0.4,9.9,4.5
286,Breloom,"Grass/Fighting",3′11″,1.2,86.4,39.2
287,Slakoth,Normal,2′07″,0.8,52.9,24.0
288,Vigoroth,Normal,4′07″,1.4,102.5,46.5
289,Slaking,Normal,6′07″,2.0,287.7,130.5
290,Nincada,"Bug/Ground",1′08″,0.5,12.1,5.5
291,Ninjask,"Bug/Flying",2′07″,0.8,26.5,12.0
292,Shedinja,"Bug/Ghost",2′07″,0.8,2.6,1.2
293,Whismur,Normal,2′00″,0.6,35.9,16.3
294,Loudred,Normal,3′03″,1.0,89.3,40.5
295,Exploud,Normal,4′11″,1.5,185.2,84.0
296,Makuhita,Fighting,3′03″,1.0,190.5,86.4
297,Hariyama,Fighting,7′07″,2.3,559.5,253.8
298,Azurill,"Normal/Fairy",0′08″,0.2,4.4,2.0
299,Nosepass,Rock,3′03″,1.0,213.8,97.0
300,Skitty,Normal,2′00″,0.6,24.3,11.0
301,Delcatty,Normal,3′07″,1.1,71.9,32.6
302,Sableye,"Dark/Ghost",1′08″,0.5,24.3,11.0
303,Mawile,"Steel/Fairy",2′00″,0.6,25.4,11.5
304,Aron,"Steel/Rock",1′04″,0.4,132.3,60.0
305,Lairon,"Steel/Rock",2′11″,0.9,264.6,120.0
306,Aggron,"Steel/Rock",6′11″,2.1,793.7,360.0
307,Meditite,"Fighting/Psychic",2′00″,0.6,24.7,11.2
308,Medicham,"Fighting/Psychic",4′03″,1.3,69.4,31.5
309,Electrike,Electric,2′00″,0.6,33.5,15.2
310,Manectric,Electric,4′11″,1.5,88.6,40.2
311,Plusle,Electric,1′04″,0.4,9.3,4.2
312,Minun,Electric,1′04″,0.4,9.3,4.2
313,Volbeat,Bug,2′04″,0.7,39.0,17.7
314,Illumise,Bug,2′00″,0.6,39.0,17.7
315,Roselia,"Grass/Poison",1′00″,0.3,4.4,2.0
316,Gulpin,Poison,1′04″,0.4,22.7,10.3
317,Swalot,Poison,5′07″,1.7,176.4,80.0
318,Carvanha,"Water/Dark",2′07″,0.8,45.9,20.8
319,Sharpedo,"Water/Dark",5′11″,1.8,195.8,88.8
320,Wailmer,Water,6′07″,2.0,286.6,130.0
321,Wailord,Water,47′07″,14.5,877.4,398.0
322,Numel,"Fire/Ground",2′04″,0.7,52.9,24.0
323,Camerupt,"Fire/Ground",6′03″,1.9,485.0,220.0
324,Torkoal,Fire,1′08″,0.5,177.3,80.4
325,Spoink,Psychic,2′04″,0.7,67.5,30.6
326,Grumpig,Psychic,2′11″,0.9,157.6,71.5
327,Spinda,Normal,3′07″,1.1,11.0,5.0
328,Trapinch,Ground,2′04″,0.7,33.1,15.0
329,Vibrava,"Ground/Dragon",3′07″,1.1,33.7,15.3
330,Flygon,"Ground/Dragon",6′07″,2.0,180.8,82.0
331,Cacnea,Grass,1′04″,0.4,113.1,51.3
332,Cacturne,"Grass/Dark",4′03″,1.3,170.6,77.4
333,Swablu,"Normal/Flying",1′04″,0.4,2.6,1.2
334,Altaria,"Dragon/Flying",3′07″,1.1,45.4,20.6
335,Zangoose,Normal,4′03″,1.3,88.8,40.3
336,Seviper,Poison,8′10″,2.7,115.7,52.5
337,Lunatone,"Rock/Psychic",3′03″,1.0,370.4,168.0
338,Solrock,"Rock/Psychic",3′11″,1.2,339.5,154.0
339,Barboach,"Water/Ground",1′04″,0.4,4.2,1.9
340,Whiscash,"Water/Ground",2′11″,0.9,52.0,23.6
341,Corphish,Water,2′00″,0.6,25.4,11.5
342,Crawdaunt,"Water/Dark",3′07″,1.1,72.3,32.8
343,Baltoy,"Ground/Psychic",1′08″,0.5,47.4,21.5
344,Claydol,"Ground/Psychic",4′11″,1.5,238.1,108.0
345,Lileep,"Rock/Grass",3′03″,1.0,52.5,23.8
346,Cradily,"Rock/Grass",4′11″,1.5,133.2,60.4
347,Anorith,"Rock/Bug",2′04″,0.7,27.6,12.5
348,Armaldo,"Rock/Bug",4′11″,1.5,150.4,68.2
349,Feebas,Water,2′00″,0.6,16.3,7.4
350,Milotic,Water,20′04″,6.2,357.1,162.0
351,Castform,Normal,1′00″,0.3,1.8,0.8
352,Kecleon,Normal,3′03″,1.0,48.5,22.0
353,Shuppet,Ghost,2′00″,0.6,5.1,2.3
354,Banette,Ghost,3′07″,1.1,27.6,12.5
355,Duskull,Ghost,2′07″,0.8,33.1,15.0
356,Dusclops,Ghost,5′03″,1.6,67.5,30.6
357,Tropius,"Grass/Flying",6′07″,2.0,220.5,100.0
358,Chimecho,Psychic,2′00″,0.6,2.2,1.0
359,Absol,Dark,3′11″,1.2,103.6,47.0
360,Wynaut,Psychic,2′00″,0.6,30.9,14.0
361,Snorunt,Ice,2′04″,0.7,37.0,16.8
362,Glalie,Ice,4′11″,1.5,565.5,256.5
363,Spheal,"Ice/Water",2′07″,0.8,87.1,39.5
364,Sealeo,"Ice/Water",3′07″,1.1,193.1,87.6
365,Walrein,"Ice/Water",4′07″,1.4,332.0,150.6
366,Clamperl,Water,1′04″,0.4,115.7,52.5
367,Huntail,Water,5′07″,1.7,59.5,27.0
368,Gorebyss,Water,5′11″,1.8,49.8,22.6
369,Relicanth,"Water/Rock",3′03″,1.0,51.6,23.4
370,Luvdisc,Water,2′00″,0.6,19.2,8.7
371,Bagon,Dragon,2′00″,0.6,92.8,42.1
372,Shelgon,Dragon,3′07″,1.1,243.6,110.5
373,Salamence,"Dragon/Flying",4′11″,1.5,226.2,102.6
374,Beldum,"Steel/Psychic",2′00″,0.6,209.9,95.2
375,Metang,"Steel/Psychic",3′11″,1.2,446.4,202.5
376,Metagross,"Steel/Psychic",5′03″,1.6,1212.5,550.0
377,Regirock,Rock,5′07″,1.7,507.1,230.0
378,Regice,Ice,5′11″,1.8,385.8,175.0
379,Registeel,Steel,6′03″,1.9,451.9,205.0
380,Latias,"Dragon/Psychic",4′07″,1.4,88.2,40.0
381,Latios,"Dragon/Psychic",6′07″,2.0,132.3,60.0
382,Kyogre,Water,14′09″,4.5,776.0,352.0
383,Groudon,Ground,11′06″,3.5,2094.4,950.0
384,Rayquaza,"Dragon/Flying",23′00″,7.0,455.3,206.5
385,Jirachi,"Steel/Psychic",1′00″,0.3,2.4,1.1
386,"Deoxys Normal Forme",Psychic,5′07″,1.7,134.0,60.8
387,Turtwig,Grass,1′04″,0.4,22.5,10.2
388,Grotle,Grass,3′07″,1.1,213.8,97.0
389,Torterra,"Grass/Ground",7′03″,2.2,683.4,310.0
390,Chimchar,Fire,1′08″,0.5,13.7,6.2
391,Monferno,"Fire/Fighting",2′11″,0.9,48.5,22.0
392,Infernape,"Fire/Fighting",3′11″,1.2,121.3,55.0
393,Piplup,Water,1′04″,0.4,11.5,5.2
394,Prinplup,Water,2′07″,0.8,50.7,23.0
395,Empoleon,"Water/Steel",5′07″,1.7,186.3,84.5
396,Starly,"Normal/Flying",1′00″,0.3,4.4,2.0
397,Staravia,"Normal/Flying",2′00″,0.6,34.2,15.5
398,Staraptor,"Normal/Flying",3′11″,1.2,54.9,24.9
399,Bidoof,Normal,1′08″,0.5,44.1,20.0
400,Bibarel,"Normal/Water",3′03″,1.0,69.4,31.5
401,Kricketot,Bug,1′00″,0.3,4.9,2.2
402,Kricketune,Bug,3′03″,1.0,56.2,25.5
403,Shinx,Electric,1′08″,0.5,20.9,9.5
404,Luxio,Electric,2′11″,0.9,67.2,30.5
405,Luxray,Electric,4′07″,1.4,92.6,42.0
406,Budew,"Grass/Poison",0′08″,0.2,2.6,1.2
407,Roserade,"Grass/Poison",2′11″,0.9,32.0,14.5
408,Cranidos,Rock,2′11″,0.9,69.4,31.5
409,Rampardos,Rock,5′03″,1.6,226.0,102.5
410,Shieldon,"Rock/Steel",1′08″,0.5,125.7,57.0
411,Bastiodon,"Rock/Steel",4′03″,1.3,329.6,149.5
412,"Burmy Plant Cloak",Bug,0′08″,0.2,7.5,3.4
413,"Wormadam Plant Cloak","Bug/Grass",1′08″,0.5,14.3,6.5
414,Mothim,"Bug/Flying",2′11″,0.9,51.4,23.3
415,Combee,"Bug/Flying",1′00″,0.3,12.1,5.5
416,Vespiquen,"Bug/Flying",3′11″,1.2,84.9,38.5
417,Pachirisu,Electric,1′04″,0.4,8.6,3.9
418,Buizel,Water,2′04″,0.7,65.0,29.5
419,Floatzel,Water,3′07″,1.1,73.9,33.5
420,Cherubi,Grass,1′04″,0.4,7.3,3.3
421,Cherrim,Grass,1′08″,0.5,20.5,9.3
422,Shellos,Water,1′00″,0.3,13.9,6.3
423,Gastrodon,"Water/Ground",2′11″,0.9,65.9,29.9
424,Ambipom,Normal,3′11″,1.2,44.8,20.3
425,Drifloon,"Ghost/Flying",1′04″,0.4,2.6,1.2
426,Drifblim,"Ghost/Flying",3′11″,1.2,33.1,15.0
427,Buneary,Normal,1′04″,0.4,12.1,5.5
428,Lopunny,Normal,3′11″,1.2,73.4,33.3
429,Mismagius,Ghost,2′11″,0.9,9.7,4.4
430,Honchkrow,"Dark/Flying",2′11″,0.9,60.2,27.3
431,Glameow,Normal,1′08″,0.5,8.6,3.9
432,Purugly,Normal,3′03″,1.0,96.6,43.8
433,Chingling,Psychic,0′08″,0.2,1.3,0.6
434,Stunky,"Poison/Dark",1′04″,0.4,42.3,19.2
435,Skuntank,"Poison/Dark",3′03″,1.0,83.8,38.0
436,Bronzor,"Steel/Psychic",1′08″,0.5,133.4,60.5
437,Bronzong,"Steel/Psychic",4′03″,1.3,412.3,187.0
438,Bonsly,Rock,1′08″,0.5,33.1,15.0
439,Mime Jr.,"Psychic/Fairy",2′00″,0.6,28.7,13.0
440,Happiny,Normal,2′00″,0.6,53.8,24.4
441,Chatot,"Normal/Flying",1′08″,0.5,4.2,1.9
442,Spiritomb,"Ghost/Dark",3′03″,1.0,238.1,108.0
443,Gible,"Dragon/Ground",2′04″,0.7,45.2,20.5
444,Gabite,"Dragon/Ground",4′07″,1.4,123.5,56.0
445,Garchomp,"Dragon/Ground",6′03″,1.9,209.4,95.0
446,Munchlax,Normal,2′00″,0.6,231.5,105.0
447,Riolu,Fighting,2′04″,0.7,44.5,20.2
448,Lucario,"Fighting/Steel",3′11″,1.2,119.0,54.0
449,Hippopotas,Ground,2′07″,0.8,109.1,49.5
450,Hippowdon,Ground,6′07″,2.0,661.4,300.0
451,Skorupi,"Poison/Bug",2′07″,0.8,26.5,12.0
452,Drapion,"Poison/Dark",4′03″,1.3,135.6,61.5
453,Croagunk,"Poison/Fighting",2′04″,0.7,50.7,23.0
454,Toxicroak,"Poison/Fighting",4′03″,1.3,97.9,44.4
455,Carnivine,Grass,4′07″,1.4,59.5,27.0
456,Finneon,Water,1′04″,0.4,15.4,7.0
457,Lumineon,Water,3′11″,1.2,52.9,24.0
458,Mantyke,"Water/Flying",3′03″,1.0,143.3,65.0
459,Snover,"Grass/Ice",3′03″,1.0,111.3,50.5
460,Abomasnow,"Grass/Ice",7′03″,2.2,298.7,135.5
461,Weavile,"Dark/Ice",3′07″,1.1,75.0,34.0
462,Magnezone,"Electric/Steel",3′11″,1.2,396.8,180.0
463,Lickilicky,Normal,5′07″,1.7,308.6,140.0
464,Rhyperior,"Ground/Rock",7′10″,2.4,623.5,282.8
465,Tangrowth,Grass,6′07″,2.0,283.5,128.6
466,Electivire,Electric,5′11″,1.8,305.6,138.6
467,Magmortar,Fire,5′03″,1.6,149.9,68.0
468,Togekiss,"Fairy/Flying",4′11″,1.5,83.8,38.0
469,Yanmega,"Bug/Flying",6′03″,1.9,113.5,51.5
470,Leafeon,Grass,3′03″,1.0,56.2,25.5
471,Glaceon,Ice,2′07″,0.8,57.1,25.9
472,Gliscor,"Ground/Flying",6′07″,2.0,93.7,42.5
473,Mamoswine,"Ice/Ground",8′02″,2.5,641.5,291.0
474,Porygon-Z,Normal,2′11″,0.9,75.0,34.0
475,Gallade,"Psychic/Fighting",5′03″,1.6,114.6,52.0
476,Probopass,"Rock/Steel",4′07″,1.4,749.6,340.0
477,Dusknoir,Ghost,7′03″,2.2,235.0,106.6
478,Froslass,"Ice/Ghost",4′03″,1.3,58.6,26.6
479,Rotom,"Electric/Ghost",1′00″,0.3,0.7,0.3
480,Uxie,Psychic,1′00″,0.3,0.7,0.3
481,Mesprit,Psychic,1′00″,0.3,0.7,0.3
482,Azelf,Psychic,1′00″,0.3,0.7,0.3
483,Dialga,"Steel/Dragon",17′09″,5.4,1505.8,683.0
484,Palkia,"Water/Dragon",13′09″,4.2,740.8,336.0
485,Heatran,"Fire/Steel",5′07″,1.7,948.0,430.0
486,Regigigas,Normal,12′02″,3.7,925.9,420.0
487,"Giratina Altered Forme","Ghost/Dragon",14′09″,4.5,1653.5,750.0
488,Cresselia,Psychic,4′11″,1.5,188.7,85.6
489,Phione,Water,1′04″,0.4,6.8,3.1
490,Manaphy,Water,1′00″,0.3,3.1,1.4
491,Darkrai,Dark,4′11″,1.5,111.3,50.5
492,"Shaymin Land Forme",Grass,0′08″,0.2,4.6,2.1
493,Arceus,Normal,10′06″,3.2,705.5,320.0
494,Victini,"Psychic/Fire",1′04″,0.4,8.8,4.0
495,Snivy,Grass,2′00″,0.6,17.9,8.1
496,Servine,Grass,2′07″,0.8,35.3,16.0
497,Serperior,Grass,10′10″,3.3,138.9,63.0
498,Tepig,Fire,1′08″,0.5,21.8,9.9
499,Pignite,"Fire/Fighting",3′03″,1.0,122.4,55.5
500,Emboar,"Fire/Fighting",5′03″,1.6,330.7,150.0
501,Oshawott,Water,1′08″,0.5,13.0,5.9
502,Dewott,Water,2′07″,0.8,54.0,24.5
503,Samurott,Water,4′11″,1.5,208.6,94.6
504,Patrat,Normal,1′08″,0.5,25.6,11.6
505,Watchog,Normal,3′07″,1.1,59.5,27.0
506,Lillipup,Normal,1′04″,0.4,9.0,4.1
507,Herdier,Normal,2′11″,0.9,32.4,14.7
508,Stoutland,Normal,3′11″,1.2,134.5,61.0
509,Purrloin,Dark,1′04″,0.4,22.3,10.1
510,Liepard,Dark,3′07″,1.1,82.7,37.5
511,Pansage,Grass,2′00″,0.6,23.1,10.5
512,Simisage,Grass,3′07″,1.1,67.2,30.5
513,Pansear,Fire,2′00″,0.6,24.3,11.0
514,Simisear,Fire,3′03″,1.0,61.7,28.0
515,Panpour,Water,2′00″,0.6,29.8,13.5
516,Simipour,Water,3′03″,1.0,63.9,29.0
517,Munna,Psychic,2′00″,0.6,51.4,23.3
518,Musharna,Psychic,3′07″,1.1,133.4,60.5
519,Pidove,"Normal/Flying",1′00″,0.3,4.6,2.1
520,Tranquill,"Normal/Flying",2′00″,0.6,33.1,15.0
521,Unfezant,"Normal/Flying",3′11″,1.2,63.9,29.0
522,Blitzle,Electric,2′07″,0.8,65.7,29.8
523,Zebstrika,Electric,5′03″,1.6,175.3,79.5
524,Roggenrola,Rock,1′04″,0.4,39.7,18.0
525,Boldore,Rock,2′11″,0.9,224.9,102.0
526,Gigalith,Rock,5′07″,1.7,573.2,260.0
527,Woobat,"Psychic/Flying",1′04″,0.4,4.6,2.1
528,Swoobat,"Psychic/Flying",2′11″,0.9,23.1,10.5
529,Drilbur,Ground,1′00″,0.3,18.7,8.5
530,Excadrill,"Ground/Steel",2′04″,0.7,89.1,40.4
531,Audino,Normal,3′07″,1.1,68.3,31.0
532,Timburr,Fighting,2′00″,0.6,27.6,12.5
533,Gurdurr,Fighting,3′11″,1.2,88.2,40.0
534,Conkeldurr,Fighting,4′07″,1.4,191.8,87.0
535,Tympole,Water,1′08″,0.5,9.9,4.5
536,Palpitoad,"Water/Ground",2′07″,0.8,37.5,17.0
537,Seismitoad,"Water/Ground",4′11″,1.5,136.7,62.0
538,Throh,Fighting,4′03″,1.3,122.4,55.5
539,Sawk,Fighting,4′07″,1.4,112.4,51.0
540,Sewaddle,"Bug/Grass",1′00″,0.3,5.5,2.5
541,Swadloon,"Bug/Grass",1′08″,0.5,16.1,7.3
542,Leavanny,"Bug/Grass",3′11″,1.2,45.2,20.5
543,Venipede,"Bug/Poison",1′04″,0.4,11.7,5.3
544,Whirlipede,"Bug/Poison",3′11″,1.2,129.0,58.5
545,Scolipede,"Bug/Poison",8′02″,2.5,442.0,200.5
546,Cottonee,"Grass/Fairy",1′00″,0.3,1.3,0.6
547,Whimsicott,"Grass/Fairy",2′04″,0.7,14.6,6.6
548,Petilil,Grass,1′08″,0.5,14.6,6.6
549,Lilligant,Grass,3′07″,1.1,35.9,16.3
550,"Basculin Red-Striped Form",Water,3′03″,1.0,39.7,18.0
551,Sandile,"Ground/Dark",2′04″,0.7,33.5,15.2
552,Krokorok,"Ground/Dark",3′03″,1.0,73.6,33.4
553,Krookodile,"Ground/Dark",4′11″,1.5,212.3,96.3
554,Darumaka,Fire,2′00″,0.6,82.7,37.5
555,"Darmanitan Standard Mode",Fire,4′03″,1.3,204.8,92.9
556,Maractus,Grass,3′03″,1.0,61.7,28.0
557,Dwebble,"Bug/Rock",1′00″,0.3,32.0,14.5
558,Crustle,"Bug/Rock",4′07″,1.4,440.9,200.0
559,Scraggy,"Dark/Fighting",2′00″,0.6,26.0,11.8
560,Scrafty,"Dark/Fighting",3′07″,1.1,66.1,30.0
561,Sigilyph,"Psychic/Flying",4′07″,1.4,30.9,14.0
562,Yamask,Ghost,1′08″,0.5,3.3,1.5
563,Cofagrigus,Ghost,5′07″,1.7,168.7,76.5
564,Tirtouga,"Water/Rock",2′04″,0.7,36.4,16.5
565,Carracosta,"Water/Rock",3′11″,1.2,178.6,81.0
566,Archen,"Rock/Flying",1′08″,0.5,20.9,9.5
567,Archeops,"Rock/Flying",4′07″,1.4,70.5,32.0
568,Trubbish,Poison,2′00″,0.6,68.3,31.0
569,Garbodor,Poison,6′03″,1.9,236.6,107.3
570,Zorua,Dark,2′04″,0.7,27.6,12.5
571,Zoroark,Dark,5′03″,1.6,178.8,81.1
572,Minccino,Normal,1′04″,0.4,12.8,5.8
573,Cinccino,Normal,1′08″,0.5,16.5,7.5
574,Gothita,Psychic,1′04″,0.4,12.8,5.8
575,Gothorita,Psychic,2′04″,0.7,39.7,18.0
576,Gothitelle,Psychic,4′11″,1.5,97.0,44.0
577,Solosis,Psychic,1′00″,0.3,2.2,1.0
578,Duosion,Psychic,2′00″,0.6,17.6,8.0
579,Reuniclus,Psychic,3′03″,1.0,44.3,20.1
580,Ducklett,"Water/Flying",1′08″,0.5,12.1,5.5
581,Swanna,"Water/Flying",4′03″,1.3,53.4,24.2
582,Vanillite,Ice,1′04″,0.4,12.6,5.7
583,Vanillish,Ice,3′07″,1.1,90.4,41.0
584,Vanilluxe,Ice,4′03″,1.3,126.8,57.5
585,Deerling,"Normal/Grass",2′00″,0.6,43.0,19.5
586,Sawsbuck,"Normal/Grass",6′03″,1.9,203.9,92.5
587,Emolga,"Electric/Flying",1′04″,0.4,11.0,5.0
588,Karrablast,Bug,1′08″,0.5,13.0,5.9
589,Escavalier,"Bug/Steel",3′03″,1.0,72.8,33.0
590,Foongus,"Grass/Poison",0′08″,0.2,2.2,1.0
591,Amoonguss,"Grass/Poison",2′00″,0.6,23.1,10.5
592,Frillish,"Water/Ghost",3′11″,1.2,72.8,33.0
593,Jellicent,"Water/Ghost",7′03″,2.2,297.6,135.0
594,Alomomola,Water,3′11″,1.2,69.7,31.6
595,Joltik,"Bug/Electric",0′04″,0.1,1.3,0.6
596,Galvantula,"Bug/Electric",2′07″,0.8,31.5,14.3
597,Ferroseed,"Grass/Steel",2′00″,0.6,41.4,18.8
598,Ferrothorn,"Grass/Steel",3′03″,1.0,242.5,110.0
599,Klink,Steel,1′00″,0.3,46.3,21.0
600,Klang,Steel,2′00″,0.6,112.4,51.0
601,Klinklang,Steel,2′00″,0.6,178.6,81.0
602,Tynamo,Electric,0′08″,0.2,0.7,0.3
603,Eelektrik,Electric,3′11″,1.2,48.5,22.0
604,Eelektross,Electric,6′11″,2.1,177.5,80.5
605,Elgyem,Psychic,1′08″,0.5,19.8,9.0
606,Beheeyem,Psychic,3′03″,1.0,76.1,34.5
607,Litwick,"Ghost/Fire",1′00″,0.3,6.8,3.1
608,Lampent,"Ghost/Fire",2′00″,0.6,28.7,13.0
609,Chandelure,"Ghost/Fire",3′03″,1.0,75.6,34.3
610,Axew,Dragon,2′00″,0.6,39.7,18.0
611,Fraxure,Dragon,3′03″,1.0,79.4,36.0
612,Haxorus,Dragon,5′11″,1.8,232.6,105.5
613,Cubchoo,Ice,1′08″,0.5,18.7,8.5
614,Beartic,Ice,8′06″,2.6,573.2,260.0
615,Cryogonal,Ice,3′07″,1.1,326.3,148.0
616,Shelmet,Bug,1′04″,0.4,17.0,7.7
617,Accelgor,Bug,2′07″,0.8,55.8,25.3
618,Stunfisk,"Ground/Electric",2′04″,0.7,24.3,11.0
619,Mienfoo,Fighting,2′11″,0.9,44.1,20.0
620,Mienshao,Fighting,4′07″,1.4,78.3,35.5
621,Druddigon,Dragon,5′03″,1.6,306.4,139.0
622,Golett,"Ground/Ghost",3′03″,1.0,202.8,92.0
623,Golurk,"Ground/Ghost",9′02″,2.8,727.5,330.0
624,Pawniard,"Dark/Steel",1′08″,0.5,22.5,10.2
625,Bisharp,"Dark/Steel",5′03″,1.6,154.3,70.0
626,Bouffalant,Normal,5′03″,1.6,208.6,94.6
627,Rufflet,"Normal/Flying",1′08″,0.5,23.1,10.5
628,Braviary,"Normal/Flying",4′11″,1.5,90.4,41.0
629,Vullaby,"Dark/Flying",1′08″,0.5,19.8,9.0
630,Mandibuzz,"Dark/Flying",3′11″,1.2,87.1,39.5
631,Heatmor,Fire,4′07″,1.4,127.9,58.0
632,Durant,"Bug/Steel",1′00″,0.3,72.8,33.0
633,Deino,"Dark/Dragon",2′07″,0.8,38.1,17.3
634,Zweilous,"Dark/Dragon",4′07″,1.4,110.2,50.0
635,Hydreigon,"Dark/Dragon",5′11″,1.8,352.7,160.0
636,Larvesta,"Bug/Fire",3′07″,1.1,63.5,28.8
637,Volcarona,"Bug/Fire",5′03″,1.6,101.4,46.0
638,Cobalion,"Steel/Fighting",6′11″,2.1,551.2,250.0
639,Terrakion,"Rock/Fighting",6′03″,1.9,573.2,260.0
640,Virizion,"Grass/Fighting",6′07″,2.0,440.9,200.0
641,"Tornadus Incarnate Forme",Flying,4′11″,1.5,138.9,63.0
642,"Thundurus Incarnate Forme","Electric/Flying",4′11″,1.5,134.5,61.0
643,Reshiram,"Dragon/Fire",10′06″,3.2,727.5,330.0
644,Zekrom,"Dragon/Electric",9′06″,2.9,760.6,345.0
645,"Landorus Incarnate Forme","Ground/Flying",4′11″,1.5,149.9,68.0
646,Kyurem,"Dragon/Ice",9′10″,3.0,716.5,325.0
647,"Keldeo Ordinary Form","Water/Fighting",4′07″,1.4,106.9,48.5
648,"Meloetta Aria Forme","Normal/Psychic",2′00″,0.6,14.3,6.5
649,Genesect,"Bug/Steel",4′11″,1.5,181.9,82.5
650,Chespin,Grass,1′04″,0.4,19.8,9.0
651,Quilladin,Grass,2′04″,0.7,63.9,29.0
652,Chesnaught,"Grass/Fighting",5′03″,1.6,198.4,90.0
653,Fennekin,Fire,1′04″,0.4,20.7,9.4
654,Braixen,Fire,3′03″,1.0,32.0,14.5
655,Delphox,"Fire/Psychic",4′11″,1.5,86.0,39.0
656,Froakie,Water,1′00″,0.3,15.4,7.0
657,Frogadier,Water,2′00″,0.6,24.0,10.9
658,Greninja,"Water/Dark",4′11″,1.5,88.2,40.0
659,Bunnelby,Normal,1′04″,0.4,11.0,5.0
660,Diggersby,"Normal/Ground",3′03″,1.0,93.5,42.4
661,Fletchling,"Normal/Flying",1′00″,0.3,3.7,1.7
662,Fletchinder,"Fire/Flying",2′04″,0.7,35.3,16.0
663,Talonflame,"Fire/Flying",3′11″,1.2,54.0,24.5
664,Scatterbug,Bug,1′00″,0.3,5.5,2.5
665,Spewpa,Bug,1′00″,0.3,18.5,8.4
666,Vivillon,"Bug/Flying",3′11″,1.2,37.5,17.0
667,Litleo,"Fire/Normal",2′00″,0.6,29.8,13.5
668,Pyroar,"Fire/Normal",4′11″,1.5,179.7,81.5
669,Flabébé,Fairy,0′04″,0.1,0.2,0.1
670,Floette,Fairy,0′08″,0.2,2.0,0.9
671,Florges,Fairy,3′07″,1.1,22.0,10.0
672,Skiddo,Grass,2′11″,0.9,68.3,31.0
673,Gogoat,Grass,5′07″,1.7,200.6,91.0
674,Pancham,Fighting,2′00″,0.6,17.6,8.0
675,Pangoro,"Fighting/Dark",6′11″,2.1,299.8,136.0
676,Furfrou,Normal,3′11″,1.2,61.7,28.0
677,Espurr,Psychic,1′00″,0.3,7.7,3.5
678,"Meowstic Male",Psychic,2′00″,0.6,18.7,8.5
679,Honedge,"Steel/Ghost",2′07″,0.8,4.4,2.0
680,Doublade,"Steel/Ghost",2′07″,0.8,9.9,4.5
681,"Aegislash Shield Forme","Steel/Ghost",5′07″,1.7,116.8,53.0
682,Spritzee,Fairy,0′08″,0.2,1.1,0.5
683,Aromatisse,Fairy,2′07″,0.8,34.2,15.5
684,Swirlix,Fairy,1′04″,0.4,7.7,3.5
685,Slurpuff,Fairy,2′07″,0.8,11.0,5.0
686,Inkay,"Dark/Psychic",1′04″,0.4,7.7,3.5
687,Malamar,"Dark/Psychic",4′11″,1.5,103.6,47.0
688,Binacle,"Rock/Water",1′08″,0.5,68.3,31.0
689,Barbaracle,"Rock/Water",4′03″,1.3,211.6,96.0
690,Skrelp,"Poison/Water",1′08″,0.5,16.1,7.3
691,Dragalge,"Poison/Dragon",5′11″,1.8,179.7,81.5
692,Clauncher,Water,1′08″,0.5,18.3,8.3
693,Clawitzer,Water,4′03″,1.3,77.8,35.3
694,Helioptile,"Electric/Normal",1′08″,0.5,13.2,6.0
695,Heliolisk,"Electric/Normal",3′03″,1.0,46.3,21.0
696,Tyrunt,"Rock/Dragon",2′07″,0.8,57.3,26.0
697,Tyrantrum,"Rock/Dragon",8′02″,2.5,595.2,270.0
698,Amaura,"Rock/Ice",4′03″,1.3,55.6,25.2
699,Aurorus,"Rock/Ice",8′10″,2.7,496.0,225.0
700,Sylveon,Fairy,3′03″,1.0,51.8,23.5
701,Hawlucha,"Fighting/Flying",2′07″,0.8,47.4,21.5
702,Dedenne,"Electric/Fairy",0′08″,0.2,4.9,2.2
703,Carbink,"Rock/Fairy",1′00″,0.3,12.6,5.7
704,Goomy,Dragon,1′00″,0.3,6.2,2.8
705,Sliggoo,Dragon,2′07″,0.8,38.6,17.5
706,Goodra,Dragon,6′07″,2.0,331.8,150.5
707,Klefki,"Steel/Fairy",0′08″,0.2,6.6,3.0
708,Phantump,"Ghost/Grass",1′04″,0.4,15.4,7.0
709,Trevenant,"Ghost/Grass",4′11″,1.5,156.5,71.0
710,"Pumpkaboo Average Size","Ghost/Grass",1′04″,0.4,11.0,5.0
711,"Gourgeist Average Size","Ghost/Grass",2′11″,0.9,27.6,12.5
712,Bergmite,Ice,3′03″,1.0,219.4,99.5
713,Avalugg,Ice,6′07″,2.0,1113.3,505.0
714,Noibat,"Flying/Dragon",1′08″,0.5,17.6,8.0
715,Noivern,"Flying/Dragon",4′11″,1.5,187.4,85.0
716,Xerneas,Fairy,9′10″,3.0,474.0,215.0
717,Yveltal,"Dark/Flying",19′00″,5.8,447.5,203.0
718,"Zygarde 50% Forme","Dragon/Ground",16′05″,5.0,672.4,305.0
719,Diancie,"Rock/Fairy",2′04″,0.7,19.4,8.8
720,"Hoopa Hoopa Confined","Psychic/Ghost",1′08″,0.5,19.8,9.0
721,Volcanion,"Fire/Water",5′07″,1.7,429.9,195.0
722,Rowlet,"Grass/Flying",1′00″,0.3,3.3,1.5
723,Dartrix,"Grass/Flying",2′04″,0.7,35.3,16.0
724,Decidueye,"Grass/Ghost",5′03″,1.6,80.7,36.6
725,Litten,Fire,1′04″,0.4,9.5,4.3
726,Torracat,Fire,2′04″,0.7,55.1,25.0
727,Incineroar,"Fire/Dark",5′11″,1.8,183.0,83.0
728,Popplio,Water,1′04″,0.4,16.5,7.5
729,Brionne,Water,2′00″,0.6,38.6,17.5
730,Primarina,"Water/Fairy",5′11″,1.8,97.0,44.0
731,Pikipek,"Normal/Flying",1′00″,0.3,2.6,1.2
732,Trumbeak,"Normal/Flying",2′00″,0.6,32.6,14.8
733,Toucannon,"Normal/Flying",3′07″,1.1,57.3,26.0
734,Yungoos,Normal,1′04″,0.4,13.2,6.0
735,Gumshoos,Normal,2′04″,0.7,31.3,14.2
736,Grubbin,Bug,1′04″,0.4,9.7,4.4
737,Charjabug,"Bug/Electric",1′08″,0.5,23.1,10.5
738,Vikavolt,"Bug/Electric",4′11″,1.5,99.2,45.0
739,Crabrawler,Fighting,2′00″,0.6,15.4,7.0
740,Crabominable,"Fighting/Ice",5′07″,1.7,396.8,180.0
741,"Oricorio Baile Style","Fire/Flying",2′00″,0.6,7.5,3.4
742,Cutiefly,"Bug/Fairy",0′04″,0.1,0.4,0.2
743,Ribombee,"Bug/Fairy",0′08″,0.2,1.1,0.5
744,Rockruff,Rock,1′08″,0.5,20.3,9.2
745,"Lycanroc Midday Form",Rock,2′07″,0.8,55.1,25.0
746,"Wishiwashi Solo Form",Water,0′08″,0.2,0.7,0.3
747,Mareanie,"Poison/Water",1′04″,0.4,17.6,8.0
748,Toxapex,"Poison/Water",2′04″,0.7,32.0,14.5
749,Mudbray,Ground,3′03″,1.0,242.5,110.0
750,Mudsdale,Ground,8′02″,2.5,2028.3,920.0
751,Dewpider,"Water/Bug",1′00″,0.3,8.8,4.0
752,Araquanid,"Water/Bug",5′11″,1.8,180.8,82.0
753,Fomantis,Grass,1′00″,0.3,3.3,1.5
754,Lurantis,Grass,2′11″,0.9,40.8,18.5
755,Morelull,"Grass/Fairy",0′08″,0.2,3.3,1.5
756,Shiinotic,"Grass/Fairy",3′03″,1.0,25.4,11.5
757,Salandit,"Poison/Fire",2′00″,0.6,10.6,4.8
758,Salazzle,"Poison/Fire",3′11″,1.2,48.9,22.2
759,Stufful,"Normal/Fighting",1′08″,0.5,15.0,6.8
760,Bewear,"Normal/Fighting",6′11″,2.1,297.6,135.0
761,Bounsweet,Grass,1′00″,0.3,7.1,3.2
762,Steenee,Grass,2′04″,0.7,18.1,8.2
763,Tsareena,Grass,3′11″,1.2,47.2,21.4
764,Comfey,Fairy,0′04″,0.1,0.7,0.3
765,Oranguru,"Normal/Psychic",4′11″,1.5,167.6,76.0
766,Passimian,Fighting,6′07″,2.0,182.5,82.8
767,Wimpod,"Bug/Water",1′08″,0.5,26.5,12.0
768,Golisopod,"Bug/Water",6′07″,2.0,238.1,108.0
769,Sandygast,"Ghost/Ground",1′08″,0.5,154.3,70.0
770,Palossand,"Ghost/Ground",4′03″,1.3,551.2,250.0
771,Pyukumuku,Water,1′00″,0.3,2.6,1.2
772,Type: Null,Normal,6′03″,1.9,265.7,120.5
773,Silvally,Normal,7′07″,2.3,221.6,100.5
774,"Minior Meteor Form","Rock/Flying",1′00″,0.3,88.2,40.0
775,Komala,Normal,1′04″,0.4,43.9,19.9
776,Turtonator,"Fire/Dragon",6′07″,2.0,467.4,212.0
777,Togedemaru,"Electric/Steel",1′00″,0.3,7.3,3.3
778,Mimikyu,"Ghost/Fairy",0′08″,0.2,1.5,0.7
779,Bruxish,"Water/Psychic",2′11″,0.9,41.9,19.0
780,Drampa,"Normal/Dragon",9′10″,3.0,407.9,185.0
781,Dhelmise,"Ghost/Grass",12′10″,3.9,463.0,210.0
782,Jangmo-o,Dragon,2′00″,0.6,65.5,29.7
783,Hakamo-o,"Dragon/Fighting",3′11″,1.2,103.6,47.0
784,Kommo-o,"Dragon/Fighting",5′03″,1.6,172.4,78.2
785,Tapu Koko,"Electric/Fairy",5′11″,1.8,45.2,20.5
786,Tapu Lele,"Psychic/Fairy",3′11″,1.2,41.0,18.6
787,Tapu Bulu,"Grass/Fairy",6′03″,1.9,100.3,45.5
788,Tapu Fini,"Water/Fairy",4′03″,1.3,46.7,21.2
789,Cosmog,Psychic,0′08″,0.2,0.2,0.1
790,Cosmoem,Psychic,0′04″,0.1,2204.4,999.9
791,Solgaleo,"Psychic/Steel",11′02″,3.4,507.1,230.0
792,Lunala,"Psychic/Ghost",13′01″,4.0,264.6,120.0
793,Nihilego,"Rock/Poison",3′11″,1.2,122.4,55.5
794,Buzzwole,"Bug/Fighting",7′10″,2.4,735.5,333.6
795,Pheromosa,"Bug/Fighting",5′11″,1.8,55.1,25.0
796,Xurkitree,Electric,12′06″,3.8,220.5,100.0
797,Celesteela,"Steel/Flying",30′02″,9.2,2204.4,999.9
798,Kartana,"Grass/Steel",1′00″,0.3,0.2,0.1
799,Guzzlord,"Dark/Dragon",18′01″,5.5,1957.7,888.0
800,Necrozma,Psychic,7′10″,2.4,507.1,230.0
801,Magearna,"Steel/Fairy",3′03″,1.0,177.5,80.5
802,Marshadow,"Fighting/Ghost",2′04″,0.7,48.9,22.2
803,Poipole,Poison,2′00″,0.6,4.0,1.8
804,Naganadel,"Poison/Dragon",11′10″,3.6,330.7,150.0
805,Stakataka,"Rock/Steel",18′01″,5.5,1807.8,820.0
806,Blacephalon,"Fire/Ghost",5′11″,1.8,28.7,13.0
807,Zeraora,Electric,4′11″,1.5,98.1,44.5
808,Meltan,Steel,0′08″,0.2,17.6,8.0
809,Melmetal,Steel,8′02″,2.5,1763.7,800.0
810,Grookey,Grass,1′00″,0.3,11.0,5.0
811,Thwackey,Grass,2′04″,0.7,30.9,14.0
812,Rillaboom,Grass,6′11″,2.1,198.4,90.0
813,Scorbunny,Fire,1′00″,0.3,9.9,4.5
814,Raboot,Fire,2′00″,0.6,19.8,9.0
815,Cinderace,Fire,4′07″,1.4,72.8,33.0
816,Sobble,Water,1′00″,0.3,8.8,4.0
817,Drizzile,Water,2′04″,0.7,25.4,11.5
818,Inteleon,Water,6′03″,1.9,99.6,45.2
819,Skwovet,Normal,1′00″,0.3,5.5,2.5
820,Greedent,Normal,2′00″,0.6,13.2,6.0
821,Rookidee,Flying,0′08″,0.2,4.0,1.8
822,Corvisquire,Flying,2′07″,0.8,35.3,16.0
823,Corviknight,"Flying/Steel",7′03″,2.2,165.3,75.0
824,Blipbug,Bug,1′04″,0.4,17.6,8.0
825,Dottler,"Bug/Psychic",1′04″,0.4,43.0,19.5
826,Orbeetle,"Bug/Psychic",1′04″,0.4,89.9,40.8
827,Nickit,Dark,2′00″,0.6,19.6,8.9
828,Thievul,Dark,3′11″,1.2,43.9,19.9
829,Gossifleur,Grass,1′04″,0.4,4.9,2.2
830,Eldegoss,Grass,1′08″,0.5,5.5,2.5
831,Wooloo,Normal,2′00″,0.6,13.2,6.0
832,Dubwool,Normal,4′03″,1.3,94.8,43.0
833,Chewtle,Water,1′00″,0.3,18.7,8.5
834,Drednaw,"Water/Rock",3′03″,1.0,254.6,115.5
835,Yamper,Electric,1′00″,0.3,29.8,13.5
836,Boltund,Electric,3′03″,1.0,75.0,34.0
837,Rolycoly,Rock,1′00″,0.3,26.5,12.0
838,Carkol,"Rock/Fire",3′07″,1.1,172.0,78.0
839,Coalossal,"Rock/Fire",9′02″,2.8,684.5,310.5
840,Applin,"Grass/Dragon",0′08″,0.2,1.1,0.5
841,Flapple,"Grass/Dragon",1′00″,0.3,2.2,1.0
842,Appletun,"Grass/Dragon",1′04″,0.4,28.7,13.0
843,Silicobra,Ground,7′03″,2.2,16.8,7.6
844,Sandaconda,Ground,12′06″,3.8,144.4,65.5
845,Cramorant,"Flying/Water",2′07″,0.8,39.7,18.0
846,Arrokuda,Water,1′08″,0.5,2.2,1.0
847,Barraskewda,Water,4′03″,1.3,66.1,30.0
848,Toxel,"Electric/Poison",1′04″,0.4,24.3,11.0
849,"Toxtricity Amped Form","Electric/Poison",5′03″,1.6,88.2,40.0
850,Sizzlipede,"Fire/Bug",2′04″,0.7,2.2,1.0
851,Centiskorch,"Fire/Bug",9′10″,3.0,264.6,120.0
852,Clobbopus,Fighting,2′00″,0.6,8.8,4.0
853,Grapploct,Fighting,5′03″,1.6,86.0,39.0
854,Sinistea,Ghost,0′04″,0.1,0.4,0.2
855,Polteageist,Ghost,0′08″,0.2,0.9,0.4
856,Hatenna,Psychic,1′04″,0.4,7.5,3.4
857,Hattrem,Psychic,2′00″,0.6,10.6,4.8
858,Hatterene,"Psychic/Fairy",6′11″,2.1,11.2,5.1
859,Impidimp,"Dark/Fairy",1′04″,0.4,12.1,5.5
860,Morgrem,"Dark/Fairy",2′07″,0.8,27.6,12.5
861,Grimmsnarl,"Dark/Fairy",4′11″,1.5,134.5,61.0
862,Obstagoon,"Dark/Normal",5′03″,1.6,101.4,46.0
863,Perrserker,Steel,2′07″,0.8,61.7,28.0
864,Cursola,Ghost,3′03″,1.0,0.9,0.4
865,Sirfetch'd,Fighting,2′07″,0.8,257.9,117.0
866,Mr. Rime,"Ice/Psychic",4′11″,1.5,128.3,58.2
867,Runerigus,"Ground/Ghost",5′03″,1.6,146.8,66.6
868,Milcery,Fairy,0′08″,0.2,0.7,0.3
869,Alcremie,Fairy,1′00″,0.3,1.1,0.5
870,Falinks,Fighting,9′10″,3.0,136.7,62.0
871,Pincurchin,Electric,1′00″,0.3,2.2,1.0
872,Snom,"Ice/Bug",1′00″,0.3,8.4,3.8
873,Frosmoth,"Ice/Bug",4′03″,1.3,92.6,42.0
874,Stonjourner,Rock,8′02″,2.5,1146.4,520.0
875,"Eiscue Ice Face",Ice,4′07″,1.4,196.2,89.0
876,"Indeedee Male","Psychic/Normal",2′11″,0.9,61.7,28.0
877,"Morpeko Full Belly Mode","Electric/Dark",1′00″,0.3,6.6,3.0
878,Cufant,Steel,3′11″,1.2,220.5,100.0
879,Copperajah,Steel,9′10″,3.0,1433.0,650.0
880,Dracozolt,"Electric/Dragon",5′11″,1.8,418.9,190.0
881,Arctozolt,"Electric/Ice",7′07″,2.3,330.7,150.0
882,Dracovish,"Water/Dragon",7′07″,2.3,474.0,215.0
883,Arctovish,"Water/Ice",6′07″,2.0,385.8,175.0
884,Duraludon,"Steel/Dragon",5′11″,1.8,88.2,40.0
885,Dreepy,"Dragon/Ghost",1′08″,0.5,4.4,2.0
886,Drakloak,"Dragon/Ghost",4′07″,1.4,24.3,11.0
887,Dragapult,"Dragon/Ghost",9′10″,3.0,110.2,50.0
888,"Zacian Hero of Many Battles",Fairy,9′02″,2.8,242.5,110.0
889,"Zamazenta Hero of Many Battles",Fighting,9′06″,2.9,463.0,210.0
890,Eternatus,"Poison/Dragon",65′07″,20.0,2094.4,950.0
891,Kubfu,Fighting,2′00″,0.6,26.5,12.0
892,"Urshifu Single Strike Style","Fighting/Dark",6′03″,1.9,231.5,105.0
893,Zarude,"Dark/Grass",5′11″,1.8,154.3,70.0
894,Regieleki,Electric,3′11″,1.2,319.7,145.0
895,Regidrago,Dragon,6′11″,2.1,440.9,200.0
896,Glastrier,Ice,7′03″,2.2,1763.7,800.0
897,Spectrier,Ghost,6′07″,2.0,98.1,44.5
898,Calyrex,"Psychic/Grass",3′07″,1.1,17.0,7.7
899,Wyrdeer,"Normal/Psychic",5′11″,1.8,209.7,95.1
900,Kleavor,"Bug/Rock",5′11″,1.8,196.2,89.0
901,Ursaluna,"Ground/Normal",7′10″,2.4,639.3,290.0
902,"Basculegion Male","Water/Ghost",9′10″,3.0,242.5,110.0
903,Sneasler,"Fighting/Poison",4′03″,1.3,94.8,43.0
904,Overqwil,"Dark/Poison",8′02″,2.5,133.4,60.5
905,"Enamorus Incarnate Forme","Fairy/Flying",5′03″,1.6,105.8,48.0
906,Sprigatito,Grass,1′04″,0.4,9.0,4.1
907,Floragato,Grass,2′11″,0.9,26.9,12.2
908,Meowscarada,"Grass/Dark",4′11″,1.5,68.8,31.2
909,Fuecoco,Fire,1′04″,0.4,21.6,9.8
910,Crocalor,Fire,3′03″,1.0,67.7,30.7
911,Skeledirge,"Fire/Ghost",5′03″,1.6,719.8,326.5
912,Quaxly,Water,1′08″,0.5,13.4,6.1
913,Quaxwell,Water,3′11″,1.2,47.4,21.5
914,Quaquaval,"Water/Fighting",5′11″,1.8,136.5,61.9
915,Lechonk,Normal,1′08″,0.5,22.5,10.2
916,"Oinkologne Male",Normal,3′03″,1.0,264.6,120.0
917,Tarountula,Bug,1′00″,0.3,8.8,4.0
918,Spidops,Bug,3′03″,1.0,36.4,16.5
919,Nymble,Bug,0′08″,0.2,2.2,1.0
920,Lokix,"Bug/Dark",3′03″,1.0,38.6,17.5
921,Pawmi,Electric,1′00″,0.3,5.5,2.5
922,Pawmo,"Electric/Fighting",1′04″,0.4,14.3,6.5
923,Pawmot,"Electric/Fighting",2′11″,0.9,90.4,41.0
924,Tandemaus,Normal,1′00″,0.3,4.0,1.8
925,"Maushold Family of Four",Normal,1′00″,0.3,6.2,2.8
926,Fidough,Fairy,1′00″,0.3,24.0,10.9
927,Dachsbun,Fairy,1′08″,0.5,32.8,14.9
928,Smoliv,"Grass/Normal",1′00″,0.3,14.3,6.5
929,Dolliv,"Grass/Normal",2′00″,0.6,26.2,11.9
930,Arboliva,"Grass/Normal",4′07″,1.4,106.3,48.2
931,"Squawkabilly Green Plumage","Normal/Flying",2′00″,0.6,5.3,2.4
932,Nacli,Rock,1′04″,0.4,35.3,16.0
933,Naclstack,Rock,2′00″,0.6,231.5,105.0
934,Garganacl,Rock,7′07″,2.3,529.1,240.0
935,Charcadet,Fire,2′00″,0.6,23.1,10.5
936,Armarouge,"Fire/Psychic",4′11″,1.5,187.4,85.0
937,Ceruledge,"Fire/Ghost",5′03″,1.6,136.7,62.0
938,Tadbulb,Electric,1′00″,0.3,0.9,0.4
939,Bellibolt,Electric,3′11″,1.2,249.1,113.0
940,Wattrel,"Electric/Flying",1′04″,0.4,7.9,3.6
941,Kilowattrel,"Electric/Flying",4′07″,1.4,85.1,38.6
942,Maschiff,Dark,1′08″,0.5,35.3,16.0
943,Mabosstiff,Dark,3′07″,1.1,134.5,61.0
944,Shroodle,"Poison/Normal",0′08″,0.2,1.5,0.7
945,Grafaiai,"Poison/Normal",2′04″,0.7,60.0,27.2
946,Bramblin,"Grass/Ghost",2′00″,0.6,1.3,0.6
947,Brambleghast,"Grass/Ghost",3′11″,1.2,13.2,6.0
948,Toedscool,"Ground/Grass",2′11″,0.9,72.8,33.0
949,Toedscruel,"Ground/Grass",6′03″,1.9,127.9,58.0
950,Klawf,Rock,4′03″,1.3,174.2,79.0
951,Capsakid,Grass,1′00″,0.3,6.6,3.0
952,Scovillain,"Grass/Fire",2′11″,0.9,33.1,15.0
953,Rellor,Bug,0′08″,0.2,2.2,1.0
954,Rabsca,"Bug/Psychic",1′00″,0.3,7.7,3.5
955,Flittle,Psychic,0′08″,0.2,3.3,1.5
956,Espathra,Psychic,6′03″,1.9,198.4,90.0
957,Tinkatink,"Fairy/Steel",1′04″,0.4,19.6,8.9
958,Tinkatuff,"Fairy/Steel",2′04″,0.7,130.3,59.1
959,Tinkaton,"Fairy/Steel",2′04″,0.7,248.7,112.8
960,Wiglett,Water,3′11″,1.2,4.0,1.8
961,Wugtrio,Water,3′11″,1.2,11.9,5.4
962,Bombirdier,"Flying/Dark",4′11″,1.5,94.6,42.9
963,Finizen,Water,4′03″,1.3,132.7,60.2
964,"Palafin Zero Form",Water,4′03″,1.3,132.7,60.2
965,Varoom,"Steel/Poison",3′03″,1.0,77.2,35.0
966,Revavroom,"Steel/Poison",5′11″,1.8,264.6,120.0
967,Cyclizar,"Dragon/Normal",5′03″,1.6,138.9,63.0
968,Orthworm,Steel,8′02″,2.5,683.4,310.0
969,Glimmet,"Rock/Poison",2′04″,0.7,17.6,8.0
970,Glimmora,"Rock/Poison",4′11″,1.5,99.2,45.0
971,Greavard,Ghost,2′00″,0.6,77.2,35.0
972,Houndstone,Ghost,6′07″,2.0,33.1,15.0
973,Flamigo,"Flying/Fighting",5′03″,1.6,81.6,37.0
974,Cetoddle,Ice,3′11″,1.2,99.2,45.0
975,Cetitan,Ice,14′09″,4.5,1543.2,700.0
976,Veluza,"Water/Psychic",8′02″,2.5,198.4,90.0
977,Dondozo,Water,39′04″,12.0,485.0,220.0
978,"Tatsugiri Curly Form","Dragon/Water",1′00″,0.3,17.6,8.0
979,Annihilape,"Fighting/Ghost",3′11″,1.2,123.5,56.0
980,Clodsire,"Poison/Ground",5′11″,1.8,491.6,223.0
981,Farigiraf,"Normal/Psychic",10′06″,3.2,352.7,160.0
982,"Dudunsparce Two-Segment Form",Normal,11′10″,3.6,86.4,39.2
983,Kingambit,"Dark/Steel",6′07″,2.0,264.6,120.0
984,Great Tusk,"Ground/Fighting",7′03″,2.2,705.5,320.0
985,Scream Tail,"Fairy/Psychic",3′11″,1.2,17.6,8.0
986,Brute Bonnet,"Grass/Dark",3′11″,1.2,46.3,21.0
987,Flutter Mane,"Ghost/Fairy",4′07″,1.4,8.8,4.0
988,Slither Wing,"Bug/Fighting",10′06″,3.2,202.8,92.0
989,Sandy Shocks,"Electric/Ground",7′07″,2.3,132.3,60.0
990,Iron Treads,"Ground/Steel",2′11″,0.9,529.1,240.0
991,Iron Bundle,"Ice/Water",2′00″,0.6,24.3,11.0
992,Iron Hands,"Fighting/Electric",5′11″,1.8,839.3,380.7
993,Iron Jugulis,"Dark/Flying",4′03″,1.3,244.7,111.0
994,Iron Moth,"Fire/Poison",3′11″,1.2,79.4,36.0
995,Iron Thorns,"Rock/Electric",5′03″,1.6,668.0,303.0
996,Frigibax,"Dragon/Ice",1′08″,0.5,37.5,17.0
997,Arctibax,"Dragon/Ice",2′07″,0.8,66.1,30.0
998,Baxcalibur,"Dragon/Ice",6′11″,2.1,463.0,210.0
999,"Gimmighoul Chest Form",Ghost,1′00″,0.3,11.0,5.0
1000,Gholdengo,"Steel/Ghost",3′11″,1.2,66.1,30.0
1001,Wo-Chien,"Dark/Grass",4′11″,1.5,163.6,74.2
1002,Chien-Pao,"Dark/Ice",6′03″,1.9,335.5,152.2
1003,Ting-Lu,"Dark/Ground",8′10″,2.7,1542.6,699.7
1004,Chi-Yu,"Dark/Fire",1′04″,0.4,10.8,4.9
1005,Roaring Moon,"Dragon/Dark",6′07″,2.0,837.8,380.0
1006,Iron Valiant,"Fairy/Fighting",4′07″,1.4,77.2,35.0
1007,Koraidon,"Fighting/Dragon",8′02″,2.5,668.0,303.0
1008,Miraidon,"Electric/Dragon",11′06″,3.5,529.1,240.0
1009,Walking Wake,"Water/Dragon",11′06″,3.5,617.3,280.0
1010,Iron Leaves,"Grass/Psychic",4′11″,1.5,275.6,125.0
1011,Dipplin,"Grass/Dragon",1′04″,0.4,9.7,4.4
1012,Poltchageist,"Grass/Ghost",0′04″,0.1,2.4,1.1
1013,Sinistcha,"Grass/Ghost",0′08″,0.2,4.9,2.2
1014,Okidogi,"Poison/Fighting",5′11″,1.8,202.8,92.0
1015,Munkidori,"Poison/Psychic",3′03″,1.0,26.9,12.2
1016,Fezandipiti,"Poison/Fairy",4′07″,1.4,66.4,30.1
1017,"Ogerpon Teal Mask",Grass,3′11″,1.2,87.7,39.8
1018,Archaludon,"Steel/Dragon",6′07″,2.0,132.3,60.0
1019,Hydrapple,"Grass/Dragon",5′11″,1.8,205.0,93.0
1020,Gouging Fire,"Fire/Dragon",11′06″,3.5,1300.7,590.0
1021,Raging Bolt,"Electric/Dragon",17′01″,5.2,1058.2,480.0
1022,Iron Boulder,"Rock/Psychic",4′11″,1.5,358.3,162.5
1023,Iron Crown,"Steel/Psychic",5′03″,1.6,343.9,156.0
1024,"Terapagos Normal Form",Normal,0′08″,0.2,14.3,6.5
1025,Pecharunt,"Poison/Ghost",1′00″,0.3,0.7,0.3